番号,単語,意味
1,improve,向上させる
2,discover,発見する
3,experience,経験する
4,convenient,便利な
5,environment,環境
6,opportunity,機会
7,protect,保護する
8,traditional,伝統的な
9,necessary,必要な
10,produce,生産する
11,increase,増やす
12,expensive,高価な
13,crowded,混雑した
14,popular,人気のある
15,audience,観客
16,neighbor,隣人
17,refrigerator,冷蔵庫
18,pollution,汚染
19,believe,信じる
20,decide,決める
21,agree,同意する
22,allow,許可する
23,arrive,到着する
24,attend,出席する
25,avoid,避ける
26,collect,集める
27,complete,完成させる
28,continue,続ける
29,create,創造する
30,deliver,配達する
31,describe,描写する
32,develop,開発する
33,discuss,話し合う
34,expect,期待する
35,explain,説明する
36,imagine,想像する
37,include,含む
38,introduce,紹介する
39,invite,招待する
40,prepare,準備する
41,realize,悟る
42,receive,受け取る
43,reduce,減らす
44,repair,修理する
45,suggest,提案する
46,support,支持する
47,surprise,驚かせる
48,survive,生き残る
49,amazing,驚くべき
50,comfortable,快適な
51,common,共通の
52,dangerous,危険な
53,difficult,難しい
54,excellent,優れた
55,famous,有名な
56,fantastic,素晴らしい
57,favorite,お気に入りの
58,foreign,外国の
59,important,重要な
60,international,国際的な
61,natural,自然の
62,perfect,完璧な
63,pleasant,心地よい
64,polite,礼儀正しい
65,possible,可能な
66,precious,貴重な
67,serious,深刻な
68,strange,奇妙な
69,successful,成功した
70,useful,役に立つ
71,various,様々な
72,wonderful,素晴らしい
73,activity,活動
74,adventure,冒険
75,amount,量
76,article,記事
77,behavior,ふるまい
78,century,世紀
79,challenge,挑戦
80,character,性格
81,condition,状態
82,customer,客
83,difference,違い
84,direction,方向
85,education,教育
86,effort,努力
87,energy,エネルギー
88,event,出来事
89,government,政府
90,history,歴史
91,information,情報
92,knowledge,知識
93,message,伝言
94,opinion,意見
95,president,大統領
96,purpose,目的
97,reason,理由
98,result,結果
99,situation,状況
100,society,社会
101,accept,受け入れる
102,achieve,達成する
103,admire,賞賛する
104,affect,影響を与える
105,announce,発表する
106,appear,現れる
107,apply,申し込む
108,arrange,手配する
109,cause,引き起こす
110,confirm,確認する
111,connect,つなぐ
112,consider,検討する
113,depend,依存する
114,destroy,破壊する
115,divide,分ける
116,earn,稼ぐ
117,educate,教育する
118,encourage,励ます
119,examine,調査する
120,express,表現する
121,fail,失敗する
122,follow,従う
123,forgive,許す
124,gather,集める
125,graduate,卒業する
126,happen,起こる
127,ignore,無視する
128,maintain,維持する
129,manage,何とかやり遂げる
130,mention,言及する
131,perform,演奏する・上演する
132,permit,許可する
133,prevent,防ぐ
134,promise,約束する
135,provide,提供する
136,publish,出版する
137,recognize,認める
138,refuse,断る
139,remain,〜のままでいる
140,repeat,繰り返す
141,rescue,救助する
142,respect,尊敬する
143,satisfy,満足させる
144,solve,解決する
145,suppose,と思う
146,waste,無駄にする
147,active,活動的な
148,alone,一人で
149,anxious,心配して
150,awful,ひどい
151,basic,基本的な
152,brave,勇敢な
153,bright,明るい
154,certain,確信して
155,clear,明らかな
156,equal,等しい
157,general,一般的な
158,glad,うれしい
159,honest,正直な
160,huge,巨大な
161,likely,ありそうな
162,lucky,幸運な
163,main,主な
164,medical,医学の
165,mental,精神的な
166,negative,否定的な
167,normal,普通の
168,original,元の
169,poor,貧しい
170,private,私的な
171,public,公共の
172,rare,珍しい
173,recent,最近の
174,regular,規則的な
175,rich,豊かな
176,safe,安全な
177,similar,似ている
178,simple,単純な
179,single,たった一つの
180,smart,賢い
181,special,特別な
182,tough,困難な
183,unique,独特な
184,unusual,珍しい
185,whole,全体の
186,accident,事故
187,advantage,利点
188,amount,量
189,attention,注意
190,average,平均
191,benefit,利益
192,business,仕事
193,choice,選択
194,communication,伝達
195,community,地域社会
196,death,死
197,degree,程度
198,detail,詳細
199,device,装置
200,distance,距離
201,achieve,達成する
202,admire,称賛する
203,apply,申し込む・適用する
204,arrange,手配する・並べる
205,belong,属する
206,borrow,借りる
207,celebrate,祝う
208,confirm,確認する
209,connect,つなぐ
210,consider,検討する
211,deliver,配達する
212,describe,描写する
213,destroy,破壊する
214,divide,分ける
215,earn,稼ぐ
216,examine,調査する
217,express,表現する
218,fail,失敗する
219,fill,満たす
220,follow,従う
221,forgive,許す
222,gather,集める
223,graduate,卒業する
224,guess,推測する
225,hide,隠す
226,hold,持つ・開催する
227,hope,望む
228,hurry,急ぐ
229,hurt,傷つける
230,include,含む
231,increase,増やす
232,introduce,紹介する
233,invite,招待する
234,lend,貸す
235,manage,何とかやり遂げる
236,mention,言及する
237,notice,気づく
238,offer,提供する
239,perform,演奏する・上演する
240,permit,許可する
241,prevent,防ぐ
242,promise,約束する
243,prove,証明する
244,provide,提供する
245,publish,出版する
246,receive,受け取る
247,recognize,認める
248,refuse,断る
249,remain,残る
250,repeat,繰り返す
251,rescue,救助する
252,respect,尊敬する
253,return,戻る・返す
254,serve,役立つ・出す
255,solve,解決する
256,suggest,提案する
257,support,支持する
258,suppose,と思う
259,surprise,驚かせる
260,survive,生き残る
261,active,活動的な
262,afraid,恐れて
263,anxious,心配して
264,available,利用可能な
265,basic,基本的な
266,brave,勇敢な
267,bright,明るい
268,careful,注意深い
269,certain,確信して
270,clear,明らかな
271,comfortable,快適な
272,common,共通の
273,dangerous,危険な
274,different,異なる
275,difficult,難しい
276,equal,等しい
277,famous,有名な
278,foreign,外国の
279,general,一般的な
280,gentle,優しい
281,glad,うれしい
282,honest,正直な
283,huge,巨大な
284,important,重要な
285,natural,自然の
286,necessary,必要な
287,negative,否定的な
288,normal,普通の
289,original,元の
290,perfect,完璧な
291,polite,礼儀正しい
292,possible,可能な
293,private,私的な
294,public,公共の
295,rare,珍しい
296,recent,最近の
297,regular,規則的な
298,safe,安全な
299,simple,単純な
300,successful,成功した
301,accept,受け入れる
302,act,行動する
303,add,加える
304,allow,許可する
305,appear,現れる
306,arrive,到着する
307,attend,出席する
308,avoid,避ける
309,believe,信じる
310,build,建てる
311,cause,引き起こす
312,choose,選ぶ
313,collect,集める
314,complain,不平を言う
315,complete,完成させる
316,continue,続ける
317,create,創造する
318,decide,決める
319,discover,発見する
320,discuss,話し合う
321,expect,期待する
322,explain,説明する
323,feel,感じる
324,fight,戦う
325,finish,終える
326,get,手に入れる
327,give,与える
328,grow,成長する
329,happen,起こる
330,hear,聞こえる
331,improve,向上させる
332,include,含む
333,increase,増やす
334,keep,保つ
335,know,知っている
336,last,続く
337,laugh,笑う
338,lead,導く
339,learn,学ぶ
340,leave,出発する
341,lose,失う
342,make,作る
343,mean,意味する
344,meet,会う
345,move,動く
346,order,注文する
347,pay,支払う
348,pick,選ぶ
349,plan,計画する
350,plant,植える
351,play,遊ぶ・演奏する
352,practice,練習する
353,produce,生産する
354,protect,保護する
355,realize,悟る
356,reduce,減らす
357,relax,くつろぐ
358,remember,覚えている
359,reply,返事をする
360,report,報告する
361,ride,乗る
362,save,救う・蓄える
363,search,探す
364,sell,売る
365,send,送る
366,share,共有する
367,show,見せる
368,speak,話す
369,spend,費やす・過ごす
370,stand,立つ
371,start,始める
372,stay,滞在する
373,stop,止まる
374,study,勉強する
375,teach,教える
376,tell,伝える
377,thank,感謝する
378,think,思う
379,travel,旅行する
380,try,試みる
381,understand,理解する
382,use,使う
383,visit,訪問する
384,wait,待つ
385,walk,歩く
386,want,欲しい
387,watch,見る
388,wear,身に着けている
389,win,勝つ
390,write,書く
391,able,できる
392,another,もう一つの
393,beautiful,美しい
394,different,異なる
395,early,早い
396,every,すべての
397,great,偉大な
398,high,高い
399,important,重要な
400,little,小さい・ほとんどない
401,actual,実際の
402,another,別の
403,anyway,とにかく
404,around,の周りに
405,beautiful,美しい
406,boring,退屈な
407,bright,明るい
408,busy,忙しい
409,careful,注意深い
410,certainly,確かに
411,cool,涼しい
412,dark,暗い
413,deep,深い
414,early,早い
415,easily,簡単に
416,everywhere,どこでも
417,fast,速い
418,finally,ついに
419,fresh,新鮮な
420,full,いっぱいの
421,hardly,ほとんどない
422,immediately,すぐに
423,instead,代わりに
424,light,軽い
425,lucky,幸運な
426,main,主な
427,modern,現代の
428,nearly,ほとんど
429,often,しばしば
430,outside,外側で
431,perhaps,ひょっとすると
432,probably,おそらく
433,quiet,静かな
434,quite,かなり
435,recently,最近
436,rich,豊かな
437,short,短い
438,slowly,ゆっくりと
439,sometimes,時々
440,still,まだ
441,strange,奇妙な
442,suddenly,突然
443,together,一緒に
444,usually,普通は
445,various,様々な
446,wide,広い
447,activity,活動
448,address,住所
449,adult,大人
450,airport,空港
451,area,地域
452,article,記事
453,audience,観客
454,author,著者
455,bicycle,自転車
456,bottle,瓶
457,building,建物
458,business,仕事
459,calendar,カレンダー
460,camera,カメラ
461,century,世紀
462,chance,機会
463,character,性格
464,church,教会
465,city,都市
466,climate,気候
467,clothes,衣服
468,college,大学
469,company,会社
470,concert,コンサート
471,corner,角
472,country,国
473,culture,文化
474,custom,習慣
475,dictionary,辞書
476,direction,方向
477,distance,距離
478,dollar,ドル
479,education,教育
480,effort,努力
481,electricity,電気
482,energy,エネルギー
483,environment,環境
484,event,出来事
485,exercise,運動
486,experience,経験
487,factory,工場
488,festival,祭り
489,field,分野
490,future,未来
491,garden,庭
492,government,政府
493,health,健康
494,history,歴史
495,hobby,趣味
496,holiday,休日
497,hospital,病院
498,husband,夫
499,island,島
500,advice,助言
501,animal,動物
502,apartment,アパート
503,artist,芸術家
504,baggage,手荷物
505,behavior,ふるまい
506,birthday,誕生日
507,bookstore,書店
508,bridge,橋
509,capital,首都
510,career,経歴
511,celebration,お祝い
512,charity,慈善
513,choice,選択
514,clothes,衣服
515,collection,収集
516,comedy,コメディー
517,competition,競技会
518,condition,状態
519,conversation,会話
520,courage,勇気
521,cousin,いとこ
522,customer,客
523,damage,損害
524,daughter,娘
525,decision,決定
526,delivery,配達
527,department,部門
528,diary,日記
529,difference,違い
530,difficulty,困難
531,dinner,夕食
532,doctor,医者
533,driver,運転手
534,earthquake,地震
535,education,教育
536,employee,従業員
537,engineer,技師
538,entrance,入り口
539,equipment,装備
540,example,例
541,explanation,説明
542,favorite,お気に入り
543,feeling,感情
544,flight,飛行便
545,flower,花
546,forest,森
547,friendship,友情
548,furniture,家具
549,gallery,美術館
550,garage,車庫
551,generation,世代
552,gift,贈り物
553,grade,成績・学年
554,habit,習慣
555,health,健康
556,height,高さ
557,hobby,趣味
558,hometown,故郷
559,honor,名誉
560,hope,希望
561,hospital,病院
562,image,画像
563,information,情報
564,insect,昆虫
565,instrument,楽器
566,interest,興味
567,interview,インタビュー
568,invention,発明
569,jacket,ジャケット
570,journey,旅
571,judge,裁判官
572,kitchen,台所
573,knowledge,知識
574,language,言語
575,leader,リーダー
576,lesson,授業
577,library,図書館
578,license,免許
579,lifestyle,生活様式
580,magazine,雑誌
581,market,市場
582,material,材料
583,meal,食事
584,meaning,意味
585,medicine,薬
586,member,会員
587,memory,記憶
588,message,伝言
589,method,方法
590,million,百万
591,mistake,間違い
592,moment,瞬間
593,museum,博物館
594,musician,音楽家
595,nature,自然
596,neighbor,隣人
597,noise,騒音
598,notice,掲示
599,ocean,海
600,office,事務所
601,officer,将校・公務員
602,opinion,意見
603,opportunity,機会
604,option,選択肢
605,order,順序・注文
606,owner,持ち主
607,package,小包
608,page,ページ
609,pain,痛み
610,palace,宮殿
611,passenger,乗客
612,passport,パスポート
613,path,小道
614,patient,患者
615,peace,平和
616,period,期間
617,person,人
618,pet,ペット
619,photo,写真
620,piece,断片
621,pilot,操縦士
622,pity,残念なこと
623,place,場所
624,plan,計画
625,planet,惑星
626,plant,植物・工場
627,plastic,プラスチック
628,plate,皿
629,player,選手
630,pleasure,喜び
631,poem,詩
632,police,警察
633,pollution,汚染
634,population,人口
635,poster,ポスター
636,power,力
637,practice,練習
638,president,大統領・社長
639,price,価格
640,prize,賞
641,problem,問題
642,product,製品
643,program,番組
644,project,計画
645,purpose,目的
646,quality,質
647,quantity,量
648,question,質問
649,railway,鉄道
650,rainbow,虹
651,range,範囲
652,rate,割合
653,reaction,反応
654,reason,理由
655,receipt,領収書
656,recipe,調理法
657,record,記録
658,region,地域
659,relation,関係
660,relative,親戚
661,relief,安心
662,religion,宗教
663,repair,修理
664,report,報告
665,research,研究
666,reservation,予約
667,respect,尊敬
668,rest,休息
669,result,結果
670,review,復習
671,rice,米
672,river,川
673,road,道路
674,robot,ロボット
675,rock,岩
676,roof,屋根
677,room,部屋
678,rule,規則
679,safety,安全
680,sale,販売
681,salt,塩
682,sandwich,サンドイッチ
683,scene,場面
684,schedule,予定
685,science,科学
686,scientist,科学者
687,score,得点
688,sea,海
689,season,季節
690,seat,座席
691,secret,秘密
692,section,部門
693,service,奉仕
694,shape,形
695,shirt,シャツ
696,shop,店
697,sight,光景
698,sign,記号・兆候
699,signal,信号
700,skill,技能
701,skin,肌
702,skirt,スカート
703,sky,空
704,society,社会
705,software,ソフトウェア
706,soil,土壌
707,soldier,兵士
708,son,息子
709,sound,音
710,soup,スープ
711,space,空間・宇宙
712,speech,演説
713,speed,速度
714,spirit,精神
715,spoon,スプーン
716,sport,スポーツ
717,stage,舞台
718,stamp,切手
719,star,星
720,station,駅
721,stomach,胃
722,stone,石
723,storage,貯蔵
724,storm,嵐
725,story,物語
726,stranger,見知らぬ人
727,stream,流れ・小川
728,street,通り
729,strength,強さ
730,stress,強調・ストレス
731,structure,構造
732,student,生徒
733,studio,スタジオ
734,subject,主題・学科
735,success,成功
736,sugar,砂糖
737,suit,スーツ
738,summer,夏
739,sunlight,日光
740,supermarket,スーパーマーケット
741,support,支持
742,surface,表面
743,surprise,驚き
744,survey,調査
745,symbol,象徴
746,system,体系
747,table,表・テーブル
748,talent,才能
749,target,目標
750,task,仕事・課題
751,tax,税金
752,team,チーム
753,technology,科学技術
754,teenager,10代の若者
755,temperature,温度
756,temple,寺
757,term,期間・用語
758,test,試験
759,text,本文
760,theater,劇場
761,theme,テーマ
762,theory,理論
763,thing,もの・こと
764,thought,考え
765,ticket,切符
766,title,題名
767,tool,道具
768,tooth,歯
769,top,頂上
770,total,合計
771,tour,見学・旅行
772,tourist,観光客
773,tower,塔
774,town,町
775,track,跡・小道
776,trade,貿易・交換
777,traffic,交通
778,training,訓練
779,transportation,輸送機関
780,treasure,宝物
781,tree,木
782,trip,旅行
783,trouble,心配・迷惑
784,truck,トラック
785,truth,真実
786,uncle,おじ
787,university,大学
788,vacation,休暇
789,valley,谷
790,value,価値
791,variety,多様性
792,vegetable,野菜
793,vehicle,乗り物
794,victim,犠牲者
795,victory,勝利
796,view,眺め・見解
797,village,村
798,voice,声
799,volume,音量
800,volunteer,ボランティア
801,war,戦争
802,warning,警告
803,wealth,富
804,weather,天気
805,wedding,結婚式
806,weight,重さ
807,wheel,車輪
808,wife,妻
809,wind,風
810,winner,勝者
811,wisdom,知恵
812,wood,木材
813,worker,労働者
814,writer,作家
815,youth,若さ
816,accept,受け入れる
817,achieve,達成する
818,admire,称賛する
819,affect,影響を与える
820,announce,発表する
821,apply,申し込む
822,arrange,手配する
823,attack,攻撃する
824,belong,属する
825,borrow,借りる
826,celebrate,祝う
827,confirm,確認する
828,connect,つなぐ
829,consider,検討する
830,deliver,配達する
831,describe,描写する
832,destroy,破壊する
833,divide,分ける
834,earn,稼ぐ
835,educate,教育する
836,encourage,励ます
837,examine,調査する
838,express,表現する
839,fail,失敗する
840,forgive,許す
841,gather,集める
842,graduate,卒業する
843,guess,推測する
844,hide,隠す
845,hurry,急ぐ
846,hurt,傷つける
847,ignore,無視する
848,maintain,維持する
849,manage,何とかやり遂げる
850,mention,言及する
851,offer,提供する
852,perform,演奏する
853,permit,許可する
854,prevent,防ぐ
855,promise,約束する
856,prove,証明する
857,provide,提供する
858,publish,出版する
859,recognize,認める
860,refuse,断る
861,remain,残る
862,repeat,繰り返す
863,rescue,救助する
864,respect,尊敬する
865,serve,役立つ
866,solve,解決する
867,suggest,提案する
868,support,支持する
869,suppose,と思う
870,survive,生き残る
871,waste,無駄にする
872,active,活動的な
873,anxious,心配して
874,available,利用可能な
875,awful,ひどい
876,basic,基本的な
877,brave,勇敢な
878,certain,確信して
879,clear,明らかな
880,equal,等しい
881,general,一般的な
882,honest,正直な
883,huge,巨大な
884,likely,ありそうな
885,lucky,幸運な
886,medical,医学の
887,mental,精神的な
888,negative,否定的な
889,normal,普通の
890,original,元の
891,poor,貧しい
892,private,私的な
893,public,公共の
894,rare,珍しい
895,recent,最近の
896,regular,規則的な
897,similar,似ている
898,single,たった一つの
899,smart,賢い
900,tough,たくましい・困難な
901,unique,独特な
902,unusual,珍しい
903,whole,全体の
904,actually,実は
905,already,すでに
906,carefully,注意深く
907,certainly,確かに
908,clearly,はっきりと
909,completely,完全に
910,easily,簡単に
911,especially,特に
912,finally,ついに
913,immediately,すぐに
914,nearly,ほとんど
915,perhaps,ひょっとすると
916,probably,おそらく
917,quite,かなり
918,recently,最近
919,safely,安全に
920,slowly,ゆっくりと
921,usually,普通は
922,ability,能力
923,absence,欠席
924,accident,事故
925,action,行動
926,activity,活動
927,adult,大人
928,adventure,冒険
929,advice,助言
930,airport,空港
931,alarm,警報
932,amount,量
933,animal,動物
934,anniversary,記念日
935,area,地域
936,arrival,到着
937,atmosphere,雰囲気
938,attention,注意
939,average,平均
940,background,背景
941,balance,バランス
942,balloon,風船
943,barrier,障壁
944,base,土台
945,benefit,利益
946,blood,血
947,bone,骨
948,border,国境
949,bottom,底
950,brain,脳
951,branch,枝・支店
952,breath,呼吸
953,button,ボタン
954,cabinet,戸棚
955,canal,運河
956,cancer,がん
957,candle,ろうそく
958,capital,首都・資本
959,cell,細胞・電池
960,chain,鎖・チェーン
961,channel,チャンネル
962,chapter,章
963,chart,図表
964,check,検査
965,cheek,頬
966,chest,胸
967,chimney,煙突
968,chin,あご
969,clerk,店員
970,cliff,崖
971,clinic,診療所
972,clue,手がかり
973,collar,襟
974,comfort,快適さ
975,comment,コメント
976,committee,委員会
977,community,地域社会
978,comparison,比較
979,concept,概念
980,construction,建設
981,contact,連絡・接触
982,content,内容
983,contest,競技・コンテスト
984,continent,大陸
985,contract,契約
986,control,支配・制御
987,convenience,便利
988,corner,角
989,costume,衣装
990,cotton,綿
991,couple,一対・夫婦
992,courage,勇気
993,course,進路・講座
994,court,法廷・コート
995,cousin,いとこ
996,creature,生き物
997,credit,信用
998,crew,乗組員
999,crime,犯罪
1000,crop,作物
1001,crowd,群衆
1002,curtain,カーテン
1003,custom,習慣
1004,daily,毎日の
1005,damage,損害
1006,data,データ
1007,daughter,娘
1008,dawn,夜明け
1009,debt,借金
1010,decade,10年間
1011,degree,度・程度
1012,delay,遅れ
1013,delight,大喜び
1014,demand,需要
1015,department,部門・売り場
1016,departure,出発
1017,depth,深さ
1018,desert,砂漠
1019,detail,詳細
1020,device,装置
1021,diamond,ダイヤモンド
1022,diary,日記
1023,diet,食事・ダイエット
1024,difference,違い
1025,direction,方向・指示
1026,director,監督・責任者
1027,dirt,泥・汚れ
1028,disadvantage,不利
1029,disaster,災害
1030,discount,割引
1031,disease,病気
1032,district,地区
1033,document,書類
1034,dollar,ドル
1035,dozen,1ダース
1036,drama,ドラマ・演劇
1037,drawer,引き出し
1038,drug,薬
1039,drum,太鼓
1040,dust,ほこり
1041,duty,義務
1042,edge,縁・端
1043,effort,努力
1044,elbow,ひじ
1045,election,選挙
1046,elevator,エレベーター
1047,emergency,緊急事態
1048,emotion,感情
1049,employee,従業員
1050,employer,雇い主
1051,engine,エンジン
1052,entrance,入り口
1053,envelope,封筒
1054,equipment,備品
1055,error,誤り
1056,escape,逃亡
1057,essay,作文・エッセイ
1058,evidence,証拠
1059,exercise,運動・練習
1060,exhibition,展示会
1061,exit,出口
1062,expense,費用
1063,expert,専門家
1064,expression,表現
1065,failure,失敗
1066,faith,信頼・信仰
1067,fan,ファン・扇風機
1068,farm,農場
1069,fashion,ファッション
1070,fault,欠点・責任
1071,fear,恐れ
1072,feature,特徴
1073,fee,料金
1074,festival,祭り
1075,field,分野・野原
1076,figure,数字・姿
1077,film,映画
1078,flavor,風味
1079,flight,飛行便
1080,floor,床・階
1081,focus,焦点
1082,fog,霧
1083,folk,人々・民族の
1084,force,力・軍隊
1085,form,形・用紙
1086,frame,枠
1087,freedom,自由
1088,frequency,頻度
1089,friendship,友情
1090,front,前面
1091,fuel,燃料
1092,furniture,家具
1093,gain,利益
1094,gallery,美術館
1095,gap,隙間・隔たり
1096,garage,車庫
1097,generation,世代
1098,genius,天才
1099,gift,贈り物・才能
1100,glove,手袋
1101,goal,目標・ゴール
1102,gold,金
1103,habit,習慣
1104,hall,ホール・玄関
1105,handle,取っ手・扱う
1106,happiness,幸せ
1107,harbor,港
1108,harvest,収穫
1109,headache,頭痛
1110,heart,心・心臓
1111,heat,熱
1112,heaven,天国
1113,height,高さ
1114,helmet,ヘルメット
1115,hero,英雄
1116,highway,幹線道路
1117,hill,丘
1118,hobby,趣味
1119,holiday,休日
1120,homework,宿題
1121,honesty,正直
1122,honor,名誉
1123,horizon,地平線
1124,host,主催者・主人
1125,hour,時間
1126,household,世帯
1127,human,人間
1128,humor,ユーモア
1129,hunger,飢え
1130,ice,氷
1131,idea,考え
1132,identity,身元・アイデンティティ
1133,illness,病気
1134,imagination,想像力
1135,impact,影響・衝撃
1136,importance,重要性
1137,income,収入
1138,industry,産業
1139,injury,けが
1140,ink,インク
1141,instance,例
1142,instruction,指示
1143,intelligence,知能
1144,intention,意図
1145,invention,発明
1146,invitation,招待
1147,iron,鉄・アイロン
1148,issue,問題・発行
1149,item,項目
1150,jail,刑務所
1151,jar,びん
1152,jaw,あご
1153,jeans,ジーンズ
1154,jewelry,宝石類
1155,job,仕事
1156,joke,冗談
1157,journal,雑誌・日記
1158,journalist,ジャーナリスト
1159,journey,旅
1160,judge,裁判官
1161,juice,ジュース
1162,key,鍵・手がかり
1163,kid,子供
1164,kindness,親切
1165,king,王
1166,kitchen,台所
1167,knee,ひざ
1168,knife,ナイフ
1169,knight,騎士
1170,knowledge,知識
1171,labor,労働
1172,lack,不足
1173,ladder,はしご
1174,lady,女性
1175,lake,湖
1176,land,土地・着陸する
1177,law,法律
1178,lawyer,弁護士
1179,layer,層
1180,leaf,葉
1181,leather,革
1182,lecture,講義
1183,leg,脚
1184,leisure,余暇
1185,lemon,レモン
1186,length,長さ
1187,lens,レンズ
1188,level,水準
1189,liberty,自由
1190,lid,ふた
1191,lifestyle,生活様式
1192,limit,制限
1193,line,線・列
1194,lip,唇
1195,liquid,液体
1196,literature,文学
1197,liter,リットル
1198,load,荷物
1199,loan,ローン・貸付
1200,location,場所
1201,log,丸太・記録
1202,logic,論理
1203,loss,損失
1204,luck,運
1205,luggage,手荷物
1206,machine,機械
1207,magazine,雑誌
1208,magic,魔法
1209,mail,郵便
1210,makeup,化粧
1211,mall,モール
1212,manager,経営者
1213,manner,行儀・方法
1214,map,地図
1215,mark,印・記号
1216,market,市場
1217,marriage,結婚
1218,mask,仮面・マスク
1219,mass,塊・集団
1220,master,主人・名人
1221,match,試合・マッチ
1222,material,材料・資料
1223,math,数学
1224,matter,問題・事柄
1225,meal,食事
1226,meaning,意味
1227,measure,対策・測定
1228,meat,肉
1229,medal,メダル
1230,medicine,薬・医学
1231,meeting,会議
1232,member,会員
1233,memory,記憶
1234,mention,言及
1235,menu,メニュー
1236,metal,金属
1237,method,方法
1238,middle,真ん中
1239,midnight,真夜中
1240,might,力
1241,mile,マイル
1242,milk,牛乳
1243,million,百万
1244,mind,心・精神
1245,mineral,鉱物
1246,minimum,最小限
1247,mirror,鏡
1248,mistake,間違い
1249,model,模型・モデル
1250,moment,瞬間
1251,money,お金
1252,monitor,モニター
1253,month,月
1254,mood,気分
1255,moon,月
1256,morning,朝
1257,mountain,山
1258,mouse,ネズミ
1259,mouth,口
1260,movement,動き
1261,movie,映画
1262,mud,泥
1263,muscle,筋肉
1264,museum,博物館
1265,music,音楽
1266,musician,音楽家
1267,mystery,謎
1268,nail,爪・釘
1269,name,名前
1270,nation,国家
1271,navy,海軍
1272,neck,首
1273,needle,針
1274,neighbor,隣人
1275,neighborhood,近所
1276,nerve,神経
1277,nest,巣
1278,net,網・ネット
1279,network,ネットワーク
1280,news,ニュース
1281,newspaper,新聞
1282,night,夜
1283,noise,騒音
1284,noon,正午
1285,nose,鼻
1286,note,メモ・注釈
1287,notebook,ノート
1288,notice,掲示・通知
1289,novel,小説
1290,number,数
1291,nurse,看護師
1292,object,物体・対象
1293,ocean,海・大洋
1294,offer,提供・申し出
1295,office,事務所
1296,officer,将校・公務員
1297,oil,油・石油
1298,operation,操作・手術
1299,opinion,意見
1300,opportunity,機会
1301,option,選択肢
1302,orange,オレンジ
1303,orchestra,オーケストラ
1304,order,順序・注文
1305,ordinary,普通の
1306,organ,臓器・オルガン
1307,organization,組織
1308,original,独創的な・元の
1309,outdoor,屋外の
1310,owner,持ち主
1311,oxygen,酸素
1312,package,小包
1313,page,ページ
1314,pain,痛み
1315,paint,絵の具・塗る
1316,pair,一対
1317,palace,宮殿
1318,pan,鍋
1319,panel,パネル・識者
1320,paper,紙・新聞
1321,parade,パレード
1322,pardon,許し
1323,parent,親
1324,park,公園
1325,part,部分・役割
1326,partner,パートナー
1327,party,パーティー・政党
1328,passenger,乗客
1329,passport,パスポート
1330,past,過去
1331,path,小道
1332,patience,忍耐
1333,patient,患者・忍耐強い
1334,pattern,模様・型
1335,pay,給料・支払う
1336,peace,平和
1337,peak,頂上
1338,pen,ペン
1339,pencil,鉛筆
1340,perfect,完璧な
1341,period,期間
1342,person,人
1343,personal,個人の
1344,personality,個性
1345,pet,ペット
1346,phone,電話
1347,photo,写真
1348,physical,身体の
1349,piano,ピアノ
1350,picture,写真・絵
1351,piece,断片・一つ
1352,pig,豚
1353,pilot,操縦士
1354,pipe,管
1355,pity,残念なこと
1356,place,場所
1357,plan,計画
1358,planet,惑星
1359,plant,植物・工場
1360,plastic,プラスチック
1361,plate,皿
1362,platform,演壇・ホーム
1363,player,選手・演奏者
1364,pleasant,心地よい
1365,pleasure,喜び
1366,plenty,たくさん
1367,pocket,ポケット
1368,poem,詩
1369,poet,詩人
1370,poetry,詩
1371,point,点・要点
1372,poison,毒
1373,police,警察
1374,policy,政策・方針
1375,pollution,汚染
1376,pool,プール
1377,population,人口
1378,port,港
1379,position,位置・地位
1380,possibility,可能性
1381,post,郵便・柱
1382,poster,ポスター
1383,pot,鍋・つぼ
1384,potato,ジャガイモ
1385,power,力・権力
1386,practice,練習・慣習
1387,praise,賞賛
1388,presence,存在・出席
1389,present,贈り物・現在
1390,president,大統領・社長
1391,press,報道機関・押すこと
1392,pressure,圧力
1393,price,価格
1394,pride,誇り
1395,priest,聖職者
1396,principle,原理・原則
1397,prison,刑務所
1398,privacy,プライバシー
1399,prize,賞
1400,problem,問題
1401,process,過程
1402,produce,農産物
1403,product,製品
1404,production,生産
1405,professional,専門家・プロの
1406,professor,教授
1407,profit,利益
1408,program,番組・計画
1409,progress,進歩
1410,project,事業・計画
1411,promise,約束
1412,proof,証拠
1413,property,財産・特性
1414,protection,保護
1415,proud,誇りに思う
1416,public,公共の・大衆
1417,pull,引くこと
1418,pump,ポンプ
1419,punishment,罰
1420,pupil,生徒・瞳
1421,purchase,購入
1422,pure,純粋な
1423,purpose,目的
1424,purse,財布・ハンドバッグ
1425,push,押すこと
1426,quality,質
1427,quantity,量
1428,quarter,4分の1
1429,queen,女王
1430,question,質問
1431,queue,列
1432,quiet,静かな
1433,race,競争・人種
1434,radio,ラジオ
1435,railway,鉄道
1436,rain,雨
1437,rainbow,虹
1438,range,範囲
1439,rank,階級・ランク
1440,rate,割合・速度
1441,ray,光線
1442,reaction,反応
1443,reader,読者
1444,ready,準備ができた
1445,real,本当の
1446,reality,現実
1447,reason,理由
1448,receipt,領収書
1449,receiver,受話器・受信機
1450,recipe,調理法
1451,recognition,認識・承認
1452,record,記録
1453,recreation,娯楽
1454,refusal,拒絶
1455,region,地域
1456,register,登録
1457,regret,後悔
1458,regular,規則的な
1459,relation,関係
1460,relationship,関係
1461,relative,親戚
1462,relief,安心・救済
1463,religion,宗教
1464,remark,意見・感想
1465,remedy,治療法
1466,repair,修理
1467,repeat,繰り返すこと
1468,reply,返事・答える
1469,report,報告
1470,reporter,記者
1471,republic,共和国
1472,reputation,評判
1473,request,依頼・要望
1474,rescue,救助
1475,research,研究・調査
1476,reservation,予約
1477,respect,尊敬
1478,response,反応・応答
1479,rest,休息・残り
1480,restaurant,レストラン
1481,result,結果
1482,return,戻ること・返却
1483,review,復習・批評
1484,reward,報酬
1485,rhythm,リズム
1486,rice,米
1487,rich,豊かな
1488,riddle,なぞなぞ
1489,ride,乗ること
1490,right,右・権利・正しい
1491,ring,輪・鳴る
1492,rise,上昇
1493,risk,危険・リスク
1494,river,川
1495,road,道路
1496,robot,ロボット
1497,rock,岩・揺れ
1498,rocket,ロケット
1499,rod,棒
1500,role,役割
1501,roll,巻いたもの・転がる
1502,roof,屋根
1503,room,部屋・余地
1504,root,根
1505,rope,縄
1506,rose,バラ
1507,rough,荒い・おおまかな
1508,round,丸い
1509,route,ルート・道筋
1510,row,列・ボートを漕ぐ
1511,royal,王室の
1512,rub,こする
1513,rubber,ゴム
1514,rubbish,ゴミ
1515,rude,失礼な
1516,rule,規則
1517,ruler,定規・支配者
1518,run,走ること
1519,rush,急ぎ
1520,sad,悲しい
1521,safe,安全な・金庫
1522,safety,安全
1523,sail,帆・航海する
1524,sailor,船乗り
1525,salad,サラダ
1526,salary,給料
1527,sale,販売・セール
1528,salt,塩
1529,sample,見本
1530,sand,砂
1531,sandwich,サンドイッチ
1532,satellite,衛星
1533,satisfaction,満足
1534,sauce,ソース
1535,saucer,受け皿
1536,scale,規模・目盛り
1537,scare,怖がらせる
1538,scene,場面・景色
1539,scent,香り
1540,schedule,予定
1541,scholar,学者
1542,scholarship,奨学金
1543,school,学校
1544,science,科学
1545,scientist,科学者
1546,scissors,はさみ
1547,scooter,スクーター
1548,score,得点
1549,screen,画面
1550,screw,ネジ
1551,sea,海
1552,seafood,シーフード
1553,seal,アザラシ・印鑑
1554,search,捜索
1555,season,季節
1556,seat,座席
1557,second,2番目の・秒
1558,secret,秘密
1559,secretary,秘書
1560,section,部分・部門
1561,seed,種
1562,seek,探す・求める
1563,seem,のように見える
1564,select,選ぶ
1565,self,自己
1566,selfish,わがままな
1567,seller,販売者
1568,sense,感覚・意味
1569,sentence,文
1570,separate,切り離された・分ける
1571,serious,深刻な・重大な
1572,servant,使用人
1573,serve,役立つ・食事を出す
1574,service,奉仕・公共事業
1575,session,期間・会議
1576,setting,環境・設定
1577,settle,解決する・落ち着く
1578,several,いくつかの
1579,shade,日陰
1580,shadow,影
1581,shake,振る・揺れる
1582,shame,恥・残念なこと
1583,shape,形
1584,share,共有する・分担
1585,sharp,鋭い
1586,shave,ひげをそる
1587,sheep,羊
1588,sheet,紙などの一枚・シーツ
1589,shelf,棚
1590,shell,貝殻
1591,shelter,避難所
1592,shine,輝く
1593,ship,船・輸送する
1594,shirt,シャツ
1595,shock,衝撃
1596,shoe,靴
1597,shop,店・買い物をする
1598,shore,岸
1599,short,短い・不足している
1600,shot,発砲・シュート
1601,shoulder,肩
1602,shout,叫ぶ
1603,show,見せる・展示
1604,shower,シャワー・夕立
1605,shut,閉める
1606,shy,内気な
1607,sick,病気の
1608,side,側・面
1609,sight,視力・光景
1610,sign,記号・署名する
1611,signal,信号
1612,signature,署名
1613,silence,沈黙
1614,silent,静かな
1615,silk,絹
1616,silly,愚かな
1617,silver,銀
1618,similar,似ている
1619,simple,単純な
1620,since,〜以来
1621,sing,歌う
1622,singer,歌手
1623,single,たった一つの・独身の
1624,sink,沈む・台所の流し
1625,sir,男性への敬称
1626,sister,姉妹
1627,sit,座る
1628,site,用地・場所
1629,situation,状況
1630,size,大きさ
1631,skate,スケートをする
1632,skill,技能
1633,skin,肌
1634,skirt,スカート
1635,sky,空
1636,sleep,眠る
1637,sleepy,眠い
1638,sleeve,袖
1639,slice,薄い一切れ
1640,slide,滑る
1641,slight,わずかな
1642,slim,ほっそりした
1643,slip,滑る
1644,slope,坂
1645,slow,遅い
1646,small,小さい
1647,smart,賢い
1648,smell,匂いがする・匂い
1649,smile,ほほえむ・笑顔
1650,smoke,煙・煙草を吸う
1651,smooth,滑らかな
1652,snack,軽食
1653,snake,蛇
1654,snow,雪
1655,soap,石鹸
1656,soccer,サッカー
1657,social,社会の
1658,society,社会
1659,sock,靴下
1660,soft,柔らかい
1661,software,ソフトウェア
1662,soil,土
1663,soldier,兵士
1664,solid,固体の・固い
1665,solution,解決策
1666,solve,解決する
1667,somebody,誰か
1668,someone,誰か
1669,something,何か
1670,sometimes,時々
1671,somewhere,どこかに
1672,son,息子
1673,song,歌
1674,soon,すぐに
1675,sore,炎症などで痛い
1676,sorry,すまなく思って
1677,sort,種類
1678,soul,魂
1679,sound,音・〜に聞こえる
1680,soup,スープ
1681,source,源・情報源
1682,south,南
1683,southern,南の
1684,space,空間・宇宙
1685,spare,余分な・時間を割く
1686,speak,話す
1687,speaker,話者・スピーカー
1688,special,特別な
1689,species,生物の種
1690,speech,演説
1691,speed,速度
1692,spell,綴る
1693,spend,費やす・過ごす
1694,spice,スパイス
1695,spider,クモ
1696,spirit,精神
1697,spite,悪意
1698,split,割る・分ける
1699,spoil,台無しにする
1700,spoon,スプーン
1701,sport,スポーツ
1702,spot,場所・斑点
1703,spread,広がる・広げる
1704,spring,春・泉
1705,square,正方形・広場
1706,stable,安定した
1707,staff,職員・スタッフ
1708,stage,舞台・段階
1709,stair,階段
1710,stamp,切手・印
1711,stand,立つ・我慢する
1712,standard,標準
1713,star,星・スター
1714,stare,じっと見る
1715,start,始める・出発する
1716,state,状態・国家・述べる
1717,station,駅
1718,statue,像
1719,stay,滞在する
1720,steady,着実な・安定した
1721,steak,ステーキ
1722,steal,盗む
1723,steam,蒸気
1724,steel,鋼鉄
1725,steer,操縦する
1726,step,歩み・段階
1727,stick,棒・突き刺す・固執する
1728,still,まだ・静止した
1729,stomach,胃
1730,stone,石
1731,stop,止まる・止める
1732,storage,貯蔵・保管
1733,store,店・蓄える
1734,storm,嵐
1735,story,物語・階
1736,straight,真っ直ぐな
1737,strange,奇妙な・見知らぬ
1738,stranger,見知らぬ人
1739,strategy,戦略
1740,stream,小川・流れ
1741,street,通り
1742,strength,強さ
1743,stress,強調・ストレス
1744,stretch,伸ばす
1745,strict,厳しい
1746,strike,打つ・ストライキ
1747,string,紐
1748,stroke,一撫で・発作
1749,strong,強い
1750,structure,構造
1751,struggle,もがく・努力する
1752,student,生徒
1753,studio,スタジオ
1754,study,勉強する・研究
1755,stuff,もの・材料
1756,stupid,愚かな
1757,style,様式・スタイル
1758,subject,主題・学科
1759,substance,物質
1760,subway,地下鉄
1761,success,成功
1762,successful,成功した
1763,such,そのような
1764,sudden,突然の
1765,suffer,苦しむ
1766,sugar,砂糖
1767,suggest,提案する
1768,suggestion,提案
1769,suit,スーツ・適する
1770,suitable,適した
1771,sum,合計
1772,summer,夏
1773,sun,太陽
1774,sunlight,日光
1775,sunny,晴れた
1776,sunrise,日の出
1777,sunset,日没
1778,supermarket,スーパーマーケット
1779,supper,夕食
1780,supply,供給する・供給
1781,support,支持する・支持
1782,suppose,と思う・仮定する
1783,sure,確信して
1784,surface,表面
1785,surgery,手術
1786,surprise,驚かせる・驚き
1787,surprising,驚くべき
1788,survey,調査
1789,survive,生き残る
1790,swallow,飲み込む・ツバメ
1791,sweet,甘い
1792,swim,泳ぐ
1793,switch,スイッチ・切り替える
1794,symbol,象徴
1795,system,体系・組織
1796,table,テーブル・表
1797,tail,しっぽ
1798,take,取る・連れて行く
1799,talent,才能
1800,talk,話す
1801,tall,背が高い
1802,tape,テープ
1803,target,目標
1804,task,仕事・課題
1805,taste,味がする・味
1806,tax,税金
1807,taxi,タクシー
1808,tea,茶
1809,teach,教える
1810,teacher,教師
1811,team,チーム
1812,tear,涙・引き裂く
1813,technology,科学技術
1814,teenager,10代の若者
1815,telephone,電話
1816,telescope,望遠鏡
1817,television,テレビ
1818,tell,伝える・教える
1819,temperature,温度・体温
1820,temple,寺
1821,temporary,一時的な
1822,tennis,テニス
1823,tent,テント
1824,term,期間・用語
1825,terrible,ひどい
1826,test,試験
1827,text,本文
1828,textbook,教科書
1829,than,〜よりも
1830,thank,感謝する
1831,theater,劇場
1832,theme,テーマ
1833,theory,理論
1834,thick,厚い・太い
1835,thief,泥棒
1836,thin,薄い・細い
1837,thing,もの・こと
1838,think,思う・考える
1839,thirsty,喉が渇いた
1840,thought,考え
1841,thousand,千
1842,thread,糸
1843,threat,脅威
1844,throat,喉
1845,through,〜を通して
1846,throw,投げる
1847,thumb,親指
1848,thunder,雷
1849,ticket,切符
1850,tie,結ぶ・ネクタイ
1851,tight,きつい
1852,till,〜まで（ずっと）
1853,time,時間
1854,tiny,とても小さい
1855,tip,チップ・助言・先端
1856,tired,疲れた
1857,tiring,疲れさせる
1858,title,題名
1859,toast,トースト
1860,tobacco,タバコ
1861,today,今日
1862,toe,足の指
1863,together,一緒に
1864,toilet,トイレ
1865,tomorrow,明日
1866,tongue,舌・言語
1867,tonight,今夜
1868,tool,道具
1869,tooth,歯
1870,top,頂上・一番の
1871,topic,話題
1872,total,合計の・合計
1873,touch,触れる
1874,tough,たくましい・困難な
1875,tour,旅行・見学
1876,tourist,観光客
1877,toward,〜の方へ
1878,tower,塔
1879,town,町
1880,toy,おもちゃ
1881,track,跡・走路
1882,trade,貿易・交換
1883,tradition,伝統
1884,traditional,伝統的な
1885,traffic,交通
1886,train,列車・訓練する
1887,training,訓練
1888,transfer,移す・乗り換える
1889,translate,翻訳する
1890,transportation,輸送・交通機関
1891,trash,ゴミ
1892,travel,旅行する
1893,traveler,旅行者
1894,treasure,宝物
1895,treat,扱う・治療する・ご馳走する
1896,treatment,治療・取り扱い
1897,tree,木
1898,trick,いたずら・手品
1899,trip,旅行
1900,trouble,心配・迷惑
1901,truck,トラック
1902,TRUE,本当の
1903,trust,信頼する・信頼
1904,truth,真実
1905,try,試みる
1906,tube,管・チューブ
1907,tunnel,トンネル
1908,turn,曲がる・回す・順番
1909,tutor,家庭教師
1910,twice,2回・2倍
1911,twin,双子
1912,type,型・タイプ
1913,typical,典型的な
1914,umbrella,傘
1915,unable,できない
1916,uncle,おじ
1917,under,〜の下に
1918,understand,理解する
1919,understanding,理解
1920,uniform,制服
1921,unique,独特な
1922,unit,単位
1923,unite,結合する
1924,universe,宇宙
1925,university,大学
1926,unknown,知られていない
1927,unless,〜でない限り
1928,unlucky,不運な
1929,until,〜まで（ずっと）
1930,unusual,珍しい
1931,up,上へ
1932,upon,〜の上に
1933,upper,上の方の
1934,upset,狼狽した・ひっくり返す
1935,upstairs,上の階へ
1936,urgent,緊急の
1937,use,使う・使用
1938,used,中古の・慣れている
1939,useful,役に立つ
1940,useless,役に立たない
1941,user,利用者
1942,usual,いつもの
1943,vacation,休暇
1944,valley,谷
1945,valuable,貴重な
1946,value,価値
1947,variety,多様性
1948,various,様々な
1949,vase,花瓶
1950,vast,広大な
1951,vegetable,野菜
1952,vehicle,乗り物
1953,version,版
1954,very,とても
1955,vessel,容器・船
1956,victim,犠牲者
1957,victory,勝利
1958,video,ビデオ
1959,view,眺め・見解
1960,village,村
1961,violence,暴力
1962,violent,暴力的な
1963,violin,バイオリン
1964,visit,訪問する
1965,visitor,訪問者
1966,visual,視覚の
1967,vocabulary,語彙
1968,voice,声
1969,volume,音量・巻
1970,volunteer,ボランティア
1971,vote,投票する・投票
1972,voyage,航海
1973,wait,待つ
1974,waiter,ウェイター
1975,wake,目覚める・起こす
1976,walk,歩く・散歩
1977,wall,壁
1978,wallet,財布
1979,war,戦争
1980,warm,温かい
1981,warning,警告
1982,wash,洗う
1983,waste,無駄にする・廃棄物
1984,watch,見る・腕時計
1985,water,水
1986,wave,波・手を振る
1987,way,方法・道
1988,weak,弱い
1989,wealth,富
1990,wealthy,裕福な
1991,weapon,武器
1992,wear,身に着けている
1993,weather,天気
1994,wedding,結婚式
1995,week,週
1996,weekend,週末
1997,weekly,毎週の
1998,weight,重さ
1999,welcome,歓迎する・ようこそ
2000,well,上手に・健康な
2001,west,西
2002,western,西の・西洋の
2003,wet,濡れた
2004,wheel,車輪
2005,whenever,〜するときはいつでも
2006,wherever,〜するところならどこでも
2007,whether,〜かどうか
2008,while,〜の間
2009,whisper,ささやく
2010,white,白い
2011,whole,全体の
2012,wide,広い
2013,wife,妻
2014,wild,野生の
2015,will,意志・〜だろう
2016,win,勝つ
2017,wind,風
2018,window,窓
2019,wing,翼
2020,winner,勝者
2021,winter,冬
2022,wipe,拭く
2023,wire,針金・ワイヤー
2024,wisdom,知恵
2025,wise,賢い
2026,wish,願う・願い
2027,within,〜以内に
2028,without,〜なしで
2029,witness,目撃者
2030,wolf,狼
2031,woman,女性
2032,wonder,〜かなと思う・驚き
2033,wonderful,素晴らしい
2034,wood,木材・森
2035,wooden,木製の
2036,wool,羊毛
2037,work,働く・仕事・作品
2038,worker,労働者
2039,world,世界
2040,worry,心配する
2041,worse,より悪い（badの比較級）
2042,worst,最悪の（badの最上級）
2043,worth,価値がある
2044,wrap,包む
2045,write,書く
2046,writer,作家
2047,wrong,間違っている
2048,yard,庭・ヤード（単位）
2049,year,年
2050,yellow,黄色い
2051,yesterday,昨日
2052,yet,まだ・もう
2053,young,若い
2054,youth,若さ・青春
2055,zero,ゼロ
2056,zone,地帯・区域
2057,zoo,動物園
2058,ability,能力
2059,abroad,海外へ
2060,absence,欠席・不在
2061,absolute,絶対的な
2062,accept,受け入れる
2063,access,接近・利用権
2064,accident,事故
2065,accompany,同行する
2066,account,口座・報告・説明
2067,accurate,正確な
2068,accuse,責める・告訴する
2069,achieve,達成する
2070,achievement,達成・業績
2071,acid,酸・酸性の
2072,acknowledge,認める
2073,acquire,習得する・手に入れる
2074,across,〜を横切って
2075,act,行動する・演じる
2076,action,行動
2077,active,活動的な
2078,activity,活動
2079,actor,俳優
2080,actress,女優
2081,actual,実際の
2082,actually,実は・実際に
2083,adapt,適応させる
2084,add,加える
2085,addition,追加
2086,additional,追加の
2087,address,住所・演説
2088,adequate,十分な・適切な
2089,adjust,調節する
2090,administration,管理・行政
2091,admire,賞賛する
2092,admission,入場（許可）
2093,admit,認める
2094,adopt,採用する・養子にする
2095,adult,大人
2096,advance,進歩・前進
2097,advanced,進歩した・上級の
2098,advantage,利点
2099,adventure,冒険
2100,advertisement,広告
2101,advice,助言
2102,advise,助言する
2103,adviser,助言者
2104,affair,事柄・事件
2105,affect,影響を与える
2106,afford,〜する余裕がある
2107,afraid,恐れて
2108,afterward,後で
2109,against,〜に反対して
2110,age,年齢・時代
2111,agency,代理店・機関
2112,agent,代理人
2113,aggressive,攻撃的な
2114,ago,〜前に
2115,agree,同意する
2116,agreement,同意・協定
2117,agriculture,農業
2118,ahead,前方へ
2119,aid,援助
2120,aim,目的・狙う
2121,air,空気・空中
2122,aircraft,航空機
2123,airline,航空会社
2124,airplane,飛行機
2125,airport,空港
2126,alarm,警報
2127,album,アルバム
2128,alcohol,アルコール
2129,alike,似ている
2130,alive,生きている
2131,all,すべての
2132,allow,許可する
2133,allowance,小遣い・手当
2134,almost,ほとんど
2135,alone,一人で
2136,along,〜に沿って
2137,already,すでに
2138,also,〜もまた
2139,alter,変える
2140,alternative,代わりの
2141,although,〜だけれども
2142,altogether,完全に・合計で
2143,always,いつも
2144,amaze,驚かせる
2145,amazing,驚くべき
2146,ambition,野心
2147,ambulance,救急車
2148,among,〜の間に
2149,amount,量
2150,amuse,楽しませる
2151,amusement,楽しみ・娯楽
2152,ancient,古代の
2153,anger,怒り
2154,angle,角・角度
2155,angry,怒った
2156,animal,動物
2157,ankle,足首
2158,anniversary,記念日
2159,announce,発表する
2160,announcement,発表
2161,annoy,悩ませる
2162,annual,年1回の
2163,another,もう一つの
2164,answer,答え・答える
2165,anxiety,心配・不安
2166,anxious,心配して・切望して
2167,anybody,誰か・誰でも
2168,anymore,もはや〜ない
2169,anyone,誰か・誰でも
2170,anything,何か・何でも
2171,anyway,とにかく
2172,anywhere,どこかに・どこでも
2173,apart,離れて
2174,apartment,アパート
2175,apologize,謝る
2176,apology,謝罪
2177,apparent,明白な
2178,apparently,見たところでは
2179,appeal,訴える・魅力
2180,appear,現れる・〜のように見える
2181,appearance,外見・出現
2182,apple,リンゴ
2183,application,申し込み・適用
2184,apply,申し込む・適用する
2185,appoint,指名する
2186,appointment,約束・予約
2187,appreciate,感謝する・正しく評価する
2188,approach,近づく・接近
2189,appropriate,適切な
2190,approval,承認
2191,approve,承認する
2192,approximate,おおよその
2193,April,4月
2194,architect,建築家
2195,architecture,建築
2196,area,地域・面積
2197,argue,議論する
2198,argument,議論
2199,arise,生じる
2200,arm,腕
2201,army,陸軍・軍隊
2202,around,〜の周りに
2203,arrange,手配する・並べる
2204,arrangement,手配・準備
2205,arrest,逮捕する
2206,arrival,到着
2207,arrive,到着する
2208,arrow,矢
2209,art,芸術・技術
2210,article,記事・品物
2211,artificial,人工的な
2212,artist,芸術家
2213,artistic,芸術的な
2214,as,〜として・〜なので・〜の時
2215,ash,灰
2216,ashamed,恥じている
2217,aside,脇に
2218,ask,尋ねる・頼む
2219,asleep,眠って
2220,aspect,側面
2221,aspirin,アスピリン（解熱鎮痛剤）
2222,assault,攻撃
2223,assemble,組み立てる・集める
2224,assembly,集会・組み立て
2225,assign,割り当てる
2226,assignment,宿題・割り当て
2227,assist,助ける
2228,assistance,援助
2229,assistant,助手
2230,associate,関連づける
2231,association,協会・連想
2232,assume,仮定する・思い込む
2233,assumption,仮定
2234,assurance,確信・保証
2235,assure,確信させる・保証する
2236,astonish,驚かせる
2237,astronaut,宇宙飛行士
2238,astronomy,天文学
2239,at,〜に・〜で
2240,athlete,競技者・スポーツマン
2241,atmosphere,雰囲気・大気
2242,attach,取り付ける
2243,attack,攻撃する・攻撃
2244,attempt,試みる・試み
2245,attend,出席する
2246,attention,注意
2247,attitude,態度
2248,attract,引きつける
2249,attraction,魅力・呼び物
2250,attractive,魅力的な
2251,audience,観客
2252,August,8月
2253,aunt,おば
2254,author,著者
2255,authority,権威・当局
2256,automatic,自動の
2257,autumn,秋
2258,available,利用可能な
2259,avenue,大通り
2260,average,平均の・平均
2261,avoid,避ける
2262,award,賞・授与する
2263,aware,気づいて
2264,away,離れて
2265,awful,ひどい
2266,baby,赤ちゃん
2267,back,後ろの・背中
2268,background,背景
2269,backward,後ろへ
2270,bacon,ベーコン
2271,bad,悪い
2272,badly,ひどく・下手に
2273,bag,袋・かばん
2274,baggage,手荷物
2275,bake,パンなどを焼く
2276,balance,バランス・残高
2277,ball,ボール
2278,balloon,風船
2279,banana,バナナ
2280,band,バンド・帯
2281,bank,銀行・堤防
2282,banker,銀行家
2283,bankrupt,破産した
2284,bar,棒・酒場
2285,barber,理髪師
2286,bare,裸の・ありのままの
2287,bargain,買い得品・契約
2288,bark,犬が吠える
2289,barrier,障壁
2290,base,土台・基地
2291,baseball,野球
2292,basic,基本的な
2293,basically,基本的には
2294,basis,基礎
2295,basket,かご
2296,basketball,バスケットボール
2297,bat,バット・コウモリ
2298,bath,入浴
2299,bathroom,浴室・トイレ
2300,battery,電池
2301,battle,戦い
2302,beach,海岸
2303,beam,光線・梁
2304,bean,豆
2305,bear,耐える・熊
2306,beard,あごひげ
2307,beast,野獣
2308,beat,打つ・打ち負かす
2309,beautiful,美しい
2310,beauty,美しさ
2311,because,〜なので
2312,become,〜になる
2313,bed,ベッド
2314,bedroom,寝室
2315,beef,牛肉
2316,beer,ビール
2317,before,〜の前に
2318,beg,乞う・頼む
2319,begin,始まる
2320,beginner,初心者
2321,beginning,始まり
2322,behave,ふるまう
2323,behavior,ふるまい
2324,behind,〜の後ろに
2325,being,存在・生き物
2326,belief,信念・信じること
2327,believe,信じる
2328,bell,鐘
2329,belong,属する
2330,below,〜の下に
2331,belt,ベルト
2332,bench,ベンチ
2333,bend,曲げる
2334,beneath,〜の下に
2335,benefit,利益・恩恵
2336,berry,ベリー（実）
2337,beside,〜のそばに
2338,besides,〜に加えて・その上
2339,best,最高の
2340,bet,賭ける
2341,better,より良い
2342,between,〜の間に（2つ）
2343,beyond,〜を越えて
2344,bicycle,自転車
2345,bid,入札する
2346,big,大きい
2347,bill,請求書・法案・紙幣
2348,billion,10億
2349,bin,ゴミ箱
2350,biology,生物学
2351,bird,鳥
2352,birth,誕生
2353,birthday,誕生日
2354,biscuit,ビスケット
2355,bishop,司教
2356,bit,少し
2357,bite,噛む
2358,bitter,苦い
2359,black,黒い
2360,blade,刃
2361,blame,責める
2362,blank,空白の
2363,blanket,毛布
2364,blast,爆発
2365,bleed,出血する
2366,blend,混ぜ合わせる
2367,bless,祝福する
2368,blind,盲目の・日よけ
2369,block,塊・ふさぐ
2370,blood,血
2371,bloom,花が咲く・開花
2372,blossom,（果樹の）花
2373,blow,吹く・打撃
2374,blue,青い
2375,board,板・会議・乗り込む
2376,boat,ボート
2377,body,体
2378,boil,沸騰させる
2379,bold,大胆な
2380,bomb,爆弾
2381,bond,絆・債券
2382,bone,骨
2383,book,本・予約する
2384,bookstore,書店
2385,boot,ブーツ
2386,border,境界・国境
2387,bore,退屈させる
2388,bored,退屈した
2389,boring,退屈な
2390,born,生まれて
2391,borrow,借りる
2392,boss,上司
2393,both,両方の
2394,bother,悩ませる
2395,bottle,瓶
2396,bottom,底
2397,bounce,弾む
2398,bound,〜行きの・縛られた
2399,boundary,境界線
2400,bow,お辞儀する・弓
2401,bowl,鉢・ボウル
2402,box,箱
2403,boy,男の子
2404,brain,脳
2405,brake,ブレーキ
2406,branch,枝・支店
2407,brand,ブランド
2408,brave,勇敢な
2409,bread,パン
2410,break,壊す・休憩
2411,breakfast,朝食
2412,breast,胸
2413,breath,呼吸
2414,breathe,呼吸する
2415,breed,繁殖させる・品種
2416,breeze,そよ風
2417,brick,レンガ
2418,bridge,橋
2419,brief,簡潔な
2420,bright,明るい・賢い
2421,brilliant,素晴らしい・輝かしい
2422,bring,持ってくる
2423,broad,広い
2424,broadcast,放送する
2425,brother,兄弟
2426,brown,茶色い
2427,brush,ブラシ・磨く
2428,bubble,泡
2429,bucket,バケツ
2430,budget,予算
2431,build,建てる
2432,builder,建築業者
2433,building,建物
2434,bulb,電球
2435,bulk,大部分・かさ
2436,bullet,弾丸
2437,bunch,房・束
2438,bundle,束
2439,burden,重荷
2440,burn,燃える
2441,burst,破裂する
2442,bury,埋める
2443,bus,バス
2444,bush,茂み
2445,business,ビジネス・仕事
2446,busy,忙しい
2447,but,しかし
2448,butcher,肉屋
2449,butter,バター
2450,butterfly,蝶
2451,button,ボタン
2452,buy,買う
2453,buyer,買い手
2454,by,〜のそばに・〜によって
2455,cab,タクシー
2456,cabin,小屋・客室
2457,cabinet,戸棚・内閣
2458,cable,ケーブル
2459,cage,かご・檻
2460,cake,ケーキ
2461,calculate,計算する
2462,calendar,カレンダー
2463,call,呼ぶ・電話する
2464,calm,穏やかな
2465,camera,カメラ
2466,camp,キャンプ
2467,campaign,キャンペーン・運動
2468,campus,キャンパス
2469,can,〜できる・缶
2470,canal,運河
2471,cancel,取り消す
2472,cancer,がん
2473,candidate,候補者
2474,candle,ろうそく
2475,candy,キャンディー
2476,canvas,帆布・キャンバス
2477,cap,帽子・ふた
2478,capability,能力
2479,capable,能力がある
2480,capacity,収容能力・定員
2481,capital,首都・資本・大文字
2482,captain,船長・主将
2483,capture,捕らえる
2484,car,車
2485,card,カード・名刺
2486,care,世話・注意
2487,career,経歴・職業
2488,careful,注意深い
2489,careless,不注意な
2490,cargo,積荷
2491,carpenter,大工
2492,carpet,じゅうたん
2493,carriage,馬車・客車
2494,carrier,運送業者・通信会社
2495,carrot,人参
2496,carry,運ぶ
2497,cart,荷車
2498,cartoon,漫画
2499,carve,彫る
2500,case,場合・事件・箱
2501,cash,現金
2502,cashier,レジ係
2503,cassette,カセット
2504,cast,投げる・配役
2505,castle,城
2506,casual,形式ばらない
2507,cat,猫
2508,catalog,カタログ
2509,catch,捕まえる
2510,category,部類・カテゴリー
2511,cattle,家畜の牛
2512,cause,原因・引き起こす
2513,caution,用心・警告
